{
  "hash": "7f446680",
  "configHash": "da357b2d",
  "lockfileHash": "2da4c72f",
  "browserHash": "a018cc28",
  "optimized": {
    "@angular/core": {
      "src": "../../../../../../node_modules/@angular/core/fesm2022/core.mjs",
      "file": "@angular_core.js",
      "fileHash": "54d42413",
      "needsInterop": false
    },
    "@angular/platform-browser": {
      "src": "../../../../../../node_modules/@angular/platform-browser/fesm2022/platform-browser.mjs",
      "file": "@angular_platform-browser.js",
      "fileHash": "0b84ef81",
      "needsInterop": false
    },
    "@angular/platform-server/init": {
      "src": "../../../../../../node_modules/@angular/platform-server/fesm2022/init.mjs",
      "file": "@angular_platform-server_init.js",
      "fileHash": "e507c92e",
      "needsInterop": false
    },
    "@angular/router": {
      "src": "../../../../../../node_modules/@angular/router/fesm2022/router.mjs",
      "file": "@angular_router.js",
      "fileHash": "a7698d2b",
      "needsInterop": false
    },
    "@angular/ssr": {
      "src": "../../../../../../node_modules/@angular/ssr/fesm2022/ssr.mjs",
      "file": "@angular_ssr.js",
      "fileHash": "3dbc7895",
      "needsInterop": false
    },
    "@angular/ssr/node": {
      "src": "../../../../../../node_modules/@angular/ssr/fesm2022/node.mjs",
      "file": "@angular_ssr_node.js",
      "fileHash": "f50eab20",
      "needsInterop": false
    },
    "express": {
      "src": "../../../../../../node_modules/express/index.js",
      "file": "express.js",
      "fileHash": "0c954e83",
      "needsInterop": true
    }
  },
  "chunks": {
    "chunk-EHGKPHZJ": {
      "file": "chunk-EHGKPHZJ.js"
    },
    "chunk-U2E5FVAC": {
      "file": "chunk-U2E5FVAC.js"
    },
    "chunk-DLN5AZBO": {
      "file": "chunk-DLN5AZBO.js"
    },
    "chunk-EA35TMUM": {
      "file": "chunk-EA35TMUM.js"
    },
    "xhr2-RCHU6N37": {
      "file": "xhr2-RCHU6N37.js"
    },
    "chunk-XCKGGG5T": {
      "file": "chunk-XCKGGG5T.js"
    }
  }
}