{
  "hash": "b8ef9254",
  "configHash": "63b91e03",
  "lockfileHash": "2da4c72f",
  "browserHash": "10eadc3c",
  "optimized": {
    "@angular/core": {
      "src": "../../../../../../node_modules/@angular/core/fesm2022/core.mjs",
      "file": "@angular_core.js",
      "fileHash": "5121763a",
      "needsInterop": false
    },
    "@angular/platform-browser": {
      "src": "../../../../../../node_modules/@angular/platform-browser/fesm2022/platform-browser.mjs",
      "file": "@angular_platform-browser.js",
      "fileHash": "8fa6d6f3",
      "needsInterop": false
    },
    "@angular/router": {
      "src": "../../../../../../node_modules/@angular/router/fesm2022/router.mjs",
      "file": "@angular_router.js",
      "fileHash": "503827cd",
      "needsInterop": false
    }
  },
  "chunks": {
    "chunk-JQOCD3NW": {
      "file": "chunk-JQOCD3NW.js"
    },
    "chunk-BZDSFIR5": {
      "file": "chunk-BZDSFIR5.js"
    }
  }
}